<?xml version="1.0" encoding="UTF-8"?>
<!DOCTYPE beans PUBLIC "-//SPRING//DTD BEAN 2.0//EN" "http://www.springframework.org/dtd/spring-beans-2.0.dtd">
<beans>
 <!-- <bean class="com.divya.ibm.bean.CustomerDetails" id="custDetails">
	<property name="name" value="Divya"/>
	<property name="mobileno" value="9336335161"/>
	<property name="password" value="123abcd*"/>
</bean>
 --> 
<bean class="com.divya.ibm.dao.CustomerDaoImpl" id="daoImpl">
<property name="customer">
	<map>
		<entry key = "1">
			<bean class="com.divya.ibm.bean.CustomerDetails" >
				<property name="name" value="Dheeraj"/>
				<property name="mobileno" value="85786876"/>
				<property name="password" value="123abcd*"/>
				<property name="balance" value="1000"/>
				<property name="accountno" value="675"/>
			</bean>
		</entry>
		<entry key = "2">
			<bean class="com.divya.ibm.bean.CustomerDetails">
				<property name="name" value="Ganesh"/>
				<property name="mobileno" value="7643534576"/>
				<property name="password" value="ganesh992"/>
				<property name="balance" value="1000"/>
				<property name="accountno" value="474"/>
			</bean>
		</entry>
	</map>
</property>
</bean>

<bean class="com.ibm.bean.service.CustomerServiceImpl" id="serviceImpl">
<property name="dao" ref="daoImpl"/>
</bean>
<!-- <bean class="com.divya.ibm.bean.CustomerDetails" id="custDetails"></bean> -->




</beans>